{
    "size": 10,
    "origin": [
        1,
        1
    ],
    "destination": [
        9,
        9
    ],
    "obstacles": [
        [
            [
                2.9311520815654912,
                5.8165148633790364
            ],
            [
                2.9311520815654912,
                6.5276790140476475
            ],
            [
                3.642316232234102,
                6.5276790140476475
            ],
            [
                3.642316232234102,
                5.8165148633790364
            ]
        ],
        [
            [
                6.8475843569713035,
                0.4751706035649528
            ],
            [
                6.8475843569713035,
                1.621514568039554
            ],
            [
                7.993928321445905,
                1.621514568039554
            ],
            [
                7.993928321445905,
                0.4751706035649528
            ]
        ],
        [
            [
                3.7639627849280477,
                6.138045834722768
            ],
            [
                3.7639627849280477,
                7.299768437964129
            ],
            [
                4.925685388169408,
                7.299768437964129
            ],
            [
                4.925685388169408,
                6.138045834722768
            ]
        ],
        [
            [
                6.783234756999049,
                7.656617886353403
            ],
            [
                6.783234756999049,
                9.030946753212636
            ],
            [
                8.15756362385828,
                9.030946753212636
            ],
            [
                8.15756362385828,
                7.656617886353403
            ]
        ],
        [
            [
                5.410328684618431,
                2.9994787344187146
            ],
            [
                5.410328684618431,
                4.152357066606459
            ],
            [
                6.563207016806176,
                4.152357066606459
            ],
            [
                6.563207016806176,
                2.9994787344187146
            ]
        ],
        [
            [
                8.136456565337001,
                2.2490790028150345
            ],
            [
                8.136456565337001,
                2.864058069864301
            ],
            [
                8.751435632386269,
                2.864058069864301
            ],
            [
                8.751435632386269,
                2.2490790028150345
            ]
        ],
        [
            [
                2.884304167504308,
                4.068172064472018
            ],
            [
                2.884304167504308,
                4.935472914711907
            ],
            [
                3.751605017744197,
                4.935472914711907
            ],
            [
                3.751605017744197,
                4.068172064472018
            ]
        ],
        [
            [
                2.1211437195101936,
                1.2013141756226198
            ],
            [
                2.1211437195101936,
                3.7869613908239392
            ],
            [
                4.706790934711513,
                3.7869613908239392
            ],
            [
                4.706790934711513,
                1.2013141756226198
            ]
        ],
        [
            [
                9.068957496230924,
                7.081057505251249
            ],
            [
                9.068957496230924,
                7.788417232741361
            ],
            [
                9.776317223721035,
                7.788417232741361
            ],
            [
                9.776317223721035,
                7.081057505251249
            ]
        ]
    ]
}