{
    "size": 10,
    "origin": [
        1,
        1
    ],
    "destination": [
        9,
        9
    ],
    "obstacles": [
        [
            [
                4.579497344003194,
                7.872290527762544
            ],
            [
                4.579497344003194,
                9.134576822605755
            ],
            [
                5.8417836388464055,
                9.134576822605755
            ],
            [
                5.8417836388464055,
                7.872290527762544
            ]
        ],
        [
            [
                3.7154842535239285,
                3.5080979316199645
            ],
            [
                3.7154842535239285,
                4.804961561031725
            ],
            [
                5.012347882935688,
                4.804961561031725
            ],
            [
                5.012347882935688,
                3.5080979316199645
            ]
        ],
        [
            [
                7.60756812186097,
                0.5636157811964282
            ],
            [
                7.60756812186097,
                0.7687775002814692
            ],
            [
                7.812729840946011,
                0.7687775002814692
            ],
            [
                7.812729840946011,
                0.5636157811964282
            ]
        ],
        [
            [
                7.464314852495049,
                1.087077654762828
            ],
            [
                7.464314852495049,
                1.6696103317416335
            ],
            [
                8.046847529473855,
                1.6696103317416335
            ],
            [
                8.046847529473855,
                1.087077654762828
            ]
        ],
        [
            [
                6.456641270725598,
                1.7466636689198811
            ],
            [
                6.456641270725598,
                4.5504323350309885
            ],
            [
                9.260409936836705,
                4.5504323350309885
            ],
            [
                9.260409936836705,
                1.7466636689198811
            ]
        ],
        [
            [
                2.6061713459887614,
                9.062179884621294
            ],
            [
                2.6061713459887614,
                9.915237510461324
            ],
            [
                3.459228971828791,
                9.915237510461324
            ],
            [
                3.459228971828791,
                9.062179884621294
            ]
        ],
        [
            [
                3.1995979703689414,
                7.916954280333694
            ],
            [
                3.1995979703689414,
                8.821957570372556
            ],
            [
                4.104601260407803,
                8.821957570372556
            ],
            [
                4.104601260407803,
                7.916954280333694
            ]
        ],
        [
            [
                4.407641757576975,
                6.8441609121414535
            ],
            [
                4.407641757576975,
                7.070749304911582
            ],
            [
                4.634230150347104,
                7.070749304911582
            ],
            [
                4.634230150347104,
                6.8441609121414535
            ]
        ],
        [
            [
                6.286101317884754,
                4.844339380822772
            ],
            [
                6.286101317884754,
                5.7639679657811
            ],
            [
                7.205729902843081,
                5.7639679657811
            ],
            [
                7.205729902843081,
                4.844339380822772
            ]
        ]
    ]
}