{
    "size": 10,
    "origin": [
        1,
        1
    ],
    "destination": [
        9,
        9
    ],
    "obstacles": [
        [
            [
                0.6254041817855582,
                4.934714930056787
            ],
            [
                0.6254041817855582,
                6.832737982610302
            ],
            [
                2.5234272343390733,
                6.832737982610302
            ],
            [
                2.5234272343390733,
                4.934714930056787
            ]
        ],
        [
            [
                7.959205891347494,
                5.7117882058447575
            ],
            [
                7.959205891347494,
                7.531394512726362
            ],
            [
                9.7788121982291,
                7.531394512726362
            ],
            [
                9.7788121982291,
                5.7117882058447575
            ]
        ],
        [
            [
                2.6507583969547435,
                7.025309259588636
            ],
            [
                2.6507583969547435,
                7.748849316964984
            ],
            [
                3.3742984543310914,
                7.748849316964984
            ],
            [
                3.3742984543310914,
                7.025309259588636
            ]
        ],
        [
            [
                3.6372127121519915,
                1.651914596232379
            ],
            [
                3.6372127121519915,
                3.9002578209300776
            ],
            [
                5.88555593684969,
                3.9002578209300776
            ],
            [
                5.88555593684969,
                1.651914596232379
            ]
        ],
        [
            [
                4.348060582911812,
                4.633582110246021
            ],
            [
                4.348060582911812,
                6.6634800249206
            ],
            [
                6.377958497586391,
                6.6634800249206
            ],
            [
                6.377958497586391,
                4.633582110246021
            ]
        ],
        [
            [
                1.445036207422845,
                7.7987074384705535
            ],
            [
                1.445036207422845,
                9.809163307093758
            ],
            [
                3.455492076046049,
                9.809163307093758
            ],
            [
                3.455492076046049,
                7.7987074384705535
            ]
        ],
        [
            [
                4.820189416568237,
                7.131866427970419
            ],
            [
                4.820189416568237,
                7.5396871044748925
            ],
            [
                5.228010093072711,
                7.5396871044748925
            ],
            [
                5.228010093072711,
                7.131866427970419
            ]
        ],
        [
            [
                8.443375314188138,
                1.3578024672507272
            ],
            [
                8.443375314188138,
                2.874168127670287
            ],
            [
                9.959740974607698,
                2.874168127670287
            ],
            [
                9.959740974607698,
                1.3578024672507272
            ]
        ]
    ]
}