{
    "size": 10,
    "origin": [
        1,
        1
    ],
    "destination": [
        9,
        9
    ],
    "obstacles": [
        [
            [
                6.6873255605394295,
                3.919612035722908
            ],
            [
                6.6873255605394295,
                4.4517193816138505
            ],
            [
                7.219432906430372,
                4.4517193816138505
            ],
            [
                7.219432906430372,
                3.919612035722908
            ]
        ],
        [
            [
                5.1187702666939705,
                4.877095245344009
            ],
            [
                5.1187702666939705,
                7.0538254668257725
            ],
            [
                7.295500488175734,
                7.0538254668257725
            ],
            [
                7.295500488175734,
                4.877095245344009
            ]
        ],
        [
            [
                3.7451579039154903,
                5.958051827210777
            ],
            [
                3.7451579039154903,
                6.7890371090015815
            ],
            [
                4.576143185706295,
                6.7890371090015815
            ],
            [
                4.576143185706295,
                5.958051827210777
            ]
        ],
        [
            [
                0.575019690710159,
                7.277512170742488
            ],
            [
                0.575019690710159,
                9.175747601843158
            ],
            [
                2.473255121810828,
                9.175747601843158
            ],
            [
                2.473255121810828,
                7.277512170742488
            ]
        ],
        [
            [
                1.4117573398615813,
                1.4309153127667795
            ],
            [
                1.4117573398615813,
                4.955570353761769
            ],
            [
                4.936412380856571,
                4.955570353761769
            ],
            [
                4.936412380856571,
                1.4309153127667795
            ]
        ]
    ]
}