{
    "size": 10,
    "origin": [
        1,
        1
    ],
    "destination": [
        9,
        9
    ],
    "obstacles": [
        [
            [
                0.13920309410680676,
                7.344435230382926
            ],
            [
                0.13920309410680676,
                8.479074594814714
            ],
            [
                1.2738424585385948,
                8.479074594814714
            ],
            [
                1.2738424585385948,
                7.344435230382926
            ]
        ],
        [
            [
                8.33104405687077,
                3.5905233836317505
            ],
            [
                8.33104405687077,
                4.434805854823251
            ],
            [
                9.17532652806227,
                4.434805854823251
            ],
            [
                9.17532652806227,
                3.5905233836317505
            ]
        ],
        [
            [
                2.9068092739840736,
                0.1869625833880384
            ],
            [
                2.9068092739840736,
                1.2169683131802804
            ],
            [
                3.9368150037763154,
                1.2169683131802804
            ],
            [
                3.9368150037763154,
                0.1869625833880384
            ]
        ],
        [
            [
                4.506515967174578,
                2.2662622046589034
            ],
            [
                4.506515967174578,
                5.435612285168197
            ],
            [
                7.675866047683872,
                5.435612285168197
            ],
            [
                7.675866047683872,
                2.2662622046589034
            ]
        ],
        [
            [
                1.2796004689198726,
                3.237762665527497
            ],
            [
                1.2796004689198726,
                5.211600472530447
            ],
            [
                3.253438275922822,
                5.211600472530447
            ],
            [
                3.253438275922822,
                3.237762665527497
            ]
        ],
        [
            [
                1.2197133671413485,
                6.220473250702528
            ],
            [
                1.2197133671413485,
                6.591858503857254
            ],
            [
                1.5910986202960744,
                6.591858503857254
            ],
            [
                1.5910986202960744,
                6.220473250702528
            ]
        ],
        [
            [
                2.7833659311936643,
                7.0543645269713595
            ],
            [
                2.7833659311936643,
                8.591892099202587
            ],
            [
                4.320893503424892,
                8.591892099202587
            ],
            [
                4.320893503424892,
                7.0543645269713595
            ]
        ],
        [
            [
                4.453395953459289,
                6.869456932667503
            ],
            [
                4.453395953459289,
                8.695419513407247
            ],
            [
                6.279358534199033,
                8.695419513407247
            ],
            [
                6.279358534199033,
                6.869456932667503
            ]
        ],
        [
            [
                1.257680210099451,
                1.7866819946827084
            ],
            [
                1.257680210099451,
                2.570684850916205
            ],
            [
                2.041683066332948,
                2.570684850916205
            ],
            [
                2.041683066332948,
                1.7866819946827084
            ]
        ],
        [
            [
                2.1329076008662873,
                5.819466968150499
            ],
            [
                2.1329076008662873,
                6.802592521958042
            ],
            [
                3.11603315467383,
                6.802592521958042
            ],
            [
                3.11603315467383,
                5.819466968150499
            ]
        ]
    ]
}