{
    "size": 10,
    "origin": [
        1,
        1
    ],
    "destination": [
        9,
        9
    ],
    "obstacles": [
        [
            [
                0.3399608531966192,
                3.587701717044652
            ],
            [
                0.3399608531966192,
                4.990072129729164
            ],
            [
                1.7423312658811305,
                4.990072129729164
            ],
            [
                1.7423312658811305,
                3.587701717044652
            ]
        ],
        [
            [
                4.436663546289809,
                7.618625050660244
            ],
            [
                4.436663546289809,
                8.715933296247373
            ],
            [
                5.533971791876939,
                8.715933296247373
            ],
            [
                5.533971791876939,
                7.618625050660244
            ]
        ],
        [
            [
                2.3061597611569074,
                2.2751645056201717
            ],
            [
                2.3061597611569074,
                2.9153018894183766
            ],
            [
                2.9462971449551123,
                2.9153018894183766
            ],
            [
                2.9462971449551123,
                2.2751645056201717
            ]
        ],
        [
            [
                7.22827840550967,
                7.657688170883929
            ],
            [
                7.22827840550967,
                9.13321698544501
            ],
            [
                8.70380722007075,
                9.13321698544501
            ],
            [
                8.70380722007075,
                7.657688170883929
            ]
        ],
        [
            [
                1.0577978131854326,
                6.300270868158638
            ],
            [
                1.0577978131854326,
                9.003790904449442
            ],
            [
                3.761317849476237,
                9.003790904449442
            ],
            [
                3.761317849476237,
                6.300270868158638
            ]
        ],
        [
            [
                0.366299313230819,
                5.505540300067253
            ],
            [
                0.366299313230819,
                5.8413036940011995
            ],
            [
                0.7020627071647659,
                5.8413036940011995
            ],
            [
                0.7020627071647659,
                5.505540300067253
            ]
        ],
        [
            [
                3.6775862911604893,
                5.477539822297438
            ],
            [
                3.6775862911604893,
                6.283400143857766
            ],
            [
                4.483446612720817,
                6.283400143857766
            ],
            [
                4.483446612720817,
                5.477539822297438
            ]
        ],
        [
            [
                8.608181961502687,
                3.5069185018307314
            ],
            [
                8.608181961502687,
                4.317581146513827
            ],
            [
                9.418844606185782,
                4.317581146513827
            ],
            [
                9.418844606185782,
                3.5069185018307314
            ]
        ],
        [
            [
                6.250825356723398,
                4.116912881977991
            ],
            [
                6.250825356723398,
                5.627845417598071
            ],
            [
                7.7617578923434785,
                5.627845417598071
            ],
            [
                7.7617578923434785,
                4.116912881977991
            ]
        ]
    ]
}