{
    "size": 10,
    "origin": [
        1,
        1
    ],
    "destination": [
        9,
        9
    ],
    "obstacles": [
        [
            [
                6.681747587692591,
                3.409555938156441
            ],
            [
                6.681747587692591,
                5.335008509654836
            ],
            [
                8.607200159190985,
                5.335008509654836
            ],
            [
                8.607200159190985,
                3.409555938156441
            ]
        ],
        [
            [
                5.121921111454972,
                5.353845013347655
            ],
            [
                5.121921111454972,
                7.061459111301293
            ],
            [
                6.8295352094086095,
                7.061459111301293
            ],
            [
                6.8295352094086095,
                5.353845013347655
            ]
        ],
        [
            [
                1.93597712230687,
                0.4700580078474337
            ],
            [
                1.93597712230687,
                4.060963929688846
            ],
            [
                5.526883044148283,
                4.060963929688846
            ],
            [
                5.526883044148283,
                0.4700580078474337
            ]
        ],
        [
            [
                0.274717220856433,
                6.390824872397608
            ],
            [
                0.274717220856433,
                7.499934144115113
            ],
            [
                1.3838264925739387,
                7.499934144115113
            ],
            [
                1.3838264925739387,
                6.390824872397608
            ]
        ],
        [
            [
                0.7922073078974778,
                8.318472467401994
            ],
            [
                0.7922073078974778,
                9.536476789823354
            ],
            [
                2.010211630318837,
                9.536476789823354
            ],
            [
                2.010211630318837,
                8.318472467401994
            ]
        ],
        [
            [
                0.2000023031612641,
                2.995115811230298
            ],
            [
                0.2000023031612641,
                4.096940741912183
            ],
            [
                1.3018272338431498,
                4.096940741912183
            ],
            [
                1.3018272338431498,
                2.995115811230298
            ]
        ]
    ]
}