{
    "size": 10,
    "origin": [
        1,
        1
    ],
    "destination": [
        9,
        9
    ],
    "obstacles": [
        [
            [
                2.9226910940608697,
                5.182823463146108
            ],
            [
                2.9226910940608697,
                6.610046207426938
            ],
            [
                4.349913838341701,
                6.610046207426938
            ],
            [
                4.349913838341701,
                5.182823463146108
            ]
        ],
        [
            [
                7.248132265213028,
                1.4216493008694508
            ],
            [
                7.248132265213028,
                1.8073345340886342
            ],
            [
                7.633817498432211,
                1.8073345340886342
            ],
            [
                7.633817498432211,
                1.4216493008694508
            ]
        ],
        [
            [
                4.665980685077528,
                7.246944169946658
            ],
            [
                4.665980685077528,
                9.786629795594367
            ],
            [
                7.205666310725237,
                9.786629795594367
            ],
            [
                7.205666310725237,
                7.246944169946658
            ]
        ],
        [
            [
                0.15754940848427212,
                2.462602802488165
            ],
            [
                0.15754940848427212,
                3.313149450614035
            ],
            [
                1.008096056610142,
                3.313149450614035
            ],
            [
                1.008096056610142,
                2.462602802488165
            ]
        ],
        [
            [
                7.9306359110512235,
                2.0379968836724602
            ],
            [
                7.9306359110512235,
                2.5236991992909195
            ],
            [
                8.416338226669682,
                2.5236991992909195
            ],
            [
                8.416338226669682,
                2.0379968836724602
            ]
        ],
        [
            [
                5.706366797566701,
                1.7014525619145837
            ],
            [
                5.706366797566701,
                2.65022132371839
            ],
            [
                6.655135559370507,
                2.65022132371839
            ],
            [
                6.655135559370507,
                1.7014525619145837
            ]
        ],
        [
            [
                5.848017346143575,
                3.975143411180222
            ],
            [
                5.848017346143575,
                5.171951113637039
            ],
            [
                7.0448250486003925,
                5.171951113637039
            ],
            [
                7.0448250486003925,
                3.975143411180222
            ]
        ]
    ]
}