{
    "size": 10,
    "origin": [
        1,
        1
    ],
    "destination": [
        9,
        9
    ],
    "obstacles": [
        [
            [
                6.523124459110251,
                6.428079067936253
            ],
            [
                6.523124459110251,
                8.295939855526969
            ],
            [
                8.390985246700968,
                8.295939855526969
            ],
            [
                8.390985246700968,
                6.428079067936253
            ]
        ],
        [
            [
                7.0136064062002,
                5.700824613298867
            ],
            [
                7.0136064062002,
                6.3550474049914065
            ],
            [
                7.66782919789274,
                6.3550474049914065
            ],
            [
                7.66782919789274,
                5.700824613298867
            ]
        ],
        [
            [
                7.459237236025903,
                2.559642106384091
            ],
            [
                7.459237236025903,
                3.2561131716419407
            ],
            [
                8.155708301283752,
                3.2561131716419407
            ],
            [
                8.155708301283752,
                2.559642106384091
            ]
        ],
        [
            [
                4.032923666264314,
                0.5112094471386264
            ],
            [
                4.032923666264314,
                1.2369375245807348
            ],
            [
                4.758651743706423,
                1.2369375245807348
            ],
            [
                4.758651743706423,
                0.5112094471386264
            ]
        ],
        [
            [
                4.9016320248255045,
                3.698060526439091
            ],
            [
                4.9016320248255045,
                5.696290539338088
            ],
            [
                6.8998620377245015,
                5.696290539338088
            ],
            [
                6.8998620377245015,
                3.698060526439091
            ]
        ],
        [
            [
                2.4135025168643667,
                8.967924663812068
            ],
            [
                2.4135025168643667,
                9.9182602624693
            ],
            [
                3.363838115521598,
                9.9182602624693
            ],
            [
                3.363838115521598,
                8.967924663812068
            ]
        ],
        [
            [
                8.064968507462297,
                5.157641968029002
            ],
            [
                8.064968507462297,
                5.567513440205232
            ],
            [
                8.474839979638526,
                5.567513440205232
            ],
            [
                8.474839979638526,
                5.157641968029002
            ]
        ]
    ]
}