{
    "size": 10,
    "origin": [
        1,
        1
    ],
    "destination": [
        9,
        9
    ],
    "obstacles": [
        [
            [
                3.0545684122200067,
                3.657134697790969
            ],
            [
                3.0545684122200067,
                5.724848713931842
            ],
            [
                5.122282428360879,
                5.724848713931842
            ],
            [
                5.122282428360879,
                3.657134697790969
            ]
        ],
        [
            [
                6.679150695060603,
                7.656783806326359
            ],
            [
                6.679150695060603,
                9.192639927407136
            ],
            [
                8.21500681614138,
                9.192639927407136
            ],
            [
                8.21500681614138,
                7.656783806326359
            ]
        ],
        [
            [
                0.7972689991817139,
                7.632265990594258
            ],
            [
                0.7972689991817139,
                8.962484190530839
            ],
            [
                2.127487199118296,
                8.962484190530839
            ],
            [
                2.127487199118296,
                7.632265990594258
            ]
        ],
        [
            [
                5.797048617435886,
                0.6531768907918378
            ],
            [
                5.797048617435886,
                1.2821347227459483
            ],
            [
                6.426006449389996,
                1.2821347227459483
            ],
            [
                6.426006449389996,
                0.6531768907918378
            ]
        ],
        [
            [
                7.0830500337648195,
                1.8854082646901493
            ],
            [
                7.0830500337648195,
                3.784923348448504
            ],
            [
                8.982565117523174,
                3.784923348448504
            ],
            [
                8.982565117523174,
                1.8854082646901493
            ]
        ]
    ]
}